id,name
1,Orah Kreiger
2,Kory Altenwerth
3,Bertina Ruecker
4,Leota Gutkowski
5,Shari Senger
6,Calla Hudson
7,Eben Larkin Jr.
8,Cheryle Daugherty
9,Mrs. Adriana Botsford DVM
10,Jalyn Aufderhar
11,Robert Reinger
12,Consuelo Gibson
13,Silvester Funk
14,Sonja Fritsch
15,Tillman Bartell
16,Maddux Kilback
17,Mr. Watt Maggio
18,Ilma Rolfson
19,Goldie Denesik
20,Dr. Icey Rippin PhD
21,Hillard Hilll MD
22,Kristen Champlin
23,Refugio Bartell
24,Shawn Daniel
25,Sherwin Nikolaus
26,Mr. Lennon O'Hara IV
27,Jeanette Rempel PhD
28,Dr. Regan Gleason
29,Jordon Harber
30,Hosie Crona
31,Mr. Frederic Grady
32,Makayla Parisian
33,Mrs. Arie Hessel MD
34,Savanna Casper
35,Dr. Kizzy Hintz MD
36,Claudine Rosenbaum PhD
37,Dr. Verner Bins
38,Ozie O'Kon
39,Lady Hackett
40,Mrs. Ardath Wolff PhD
41,Edie Nienow
42,Jimmie Powlowski
43,Evia Schiller
44,Georgiana Brakus
45,Mr. Montgomery Raynor
46,Esco Pacocha
47,Elizbeth Schamberger
48,Leilani Labadie
49,Jamari Stoltenberg
50,Ms. Latasha Franecki
51,Vivian Windler
52,Violette Oberbrunner
53,Ms. Kerri Walker
54,Lupe Ebert
55,Sylas Volkman
56,Edie Parker
57,Mame Hudson
58,Georganna Connelly
59,Joseluis Cronin
60,Ms. Jaylee Lowe MD
61,Jennie Maggio
62,Sudie Cartwright DVM
63,Payten Hilll
64,Mr. Remington Adams Jr.
65,Burnell Haley
66,Dr. Clemence Volkman MD
67,Dr. Essa Powlowski PhD
68,Latonya McDermott PhD
69,Mr. Mekhi Rogahn IV
70,Felipa Hettinger
71,Baylie Ruecker
72,Trisha Romaguera
73,Brandie Will PhD
74,Isaiah Von
75,Ancil Wuckert
76,Ean Barton
77,Leif Goodwin
78,Olga Trantow
79,Maryjo West
80,Kaeden Corkery
81,Levon Harvey
82,Miss Lorrie Koelpin DDS
83,Naoma Grant
84,Devyn Shanahan
85,Melvina Connelly
86,Aubrey Moen PhD
87,Takisha Ankunding
88,Helga Frami
89,Owen West
90,Gretchen Zulauf DVM
91,Griselda Hodkiewicz
92,Kaitlynn Mohr
93,Dalton Mayert
94,Florie Jakubowski
95,Sussie Towne PhD
96,Mr. Zechariah Thiel
97,Dr. Chantelle Lind
98,Sarita McCullough
99,Milas Lebsack
100,Deandre Donnelly
101,Augusta Emmerich
102,Torrance O'Conner DDS
103,Dr. Lorrayne Wunsch DVM
104,Jaunita Hessel
105,Natosha Kertzmann
106,Theresa Gibson
107,Jana Reichert
108,Mrs. Brandy Emmerich
109,Miss Azul Stanton DVM
110,Luana Koelpin DDS
111,Dillon O'Kon
112,Dr. Kendall West V
113,Cristal Keebler
114,Hedy Wolff
115,Dr. Tyreek McCullough
116,Mrs. Angel Gibson
117,Giles Weimann
118,Roxane Murray PhD
119,Lindsay Johns DVM
120,Edward McCullough V
121,Ieshia Welch
122,Reva Green PhD
123,Glennis Lockman
124,Molly Murphy MD
125,Dylon Douglas
126,Romello Hodkiewicz
127,Tracie Ebert DVM
128,Evie Lubowitz
129,Mr. Demario Davis
130,Banks Muller
131,Arra Cremin
132,Aimee Quigley
133,Kurtis Spinka
134,Mollie Donnelly
135,Desmond Rippin
136,Miss Nila Effertz MD
137,Laverne Powlowski
138,Mrs. Henriette Terry
139,Mr. Elonzo Hoppe
140,Emory Schamberger
141,Romona Grant
142,Denisse Leffler
143,Dell Jaskolski
144,Mr. Hampton Gerhold
145,Melville Murphy Sr.
146,Dr. Adalberto Boyle
147,Dennis Waters
148,Lyric Cronin
149,Miss Ellamae Kihn DDS
150,Barrett Green
151,Adelia Veum
152,Stella Hayes
153,Rosalyn Huel
154,Lynn Bauch
155,Mr. Lamonte Dibbert
156,Pat Ernser
157,Ignacio Champlin
158,Walter Bailey
159,Ms. Edla Jacobi DDS
160,Isidor Gulgowski
161,Brittnie Hermann
162,Howard Rolfson
163,Billie Bartell
164,Iyana Wiza
165,Timmy O'Reilly
166,Mr. Yancy Bruen DDS
167,Dr. Lula Mante
168,Mya Langosh
169,Dr. Gail Cummerata PhD
170,Miss Kierra Mohr PhD
171,Dr. Shea Weissnat
172,Millard Mraz
173,Mr. Randall Fadel
174,Hervey Cassin
175,Dillard Bartell II
176,Dr. Shawn Moore Sr.
177,Sean Morissette
178,Mr. Burney Simonis
179,Peyton Maggio
180,Shelly Wilderman
181,Dr. Virgia Pouros PhD
182,Jelani Stiedemann MD
183,Cory Lynch
184,Jerrilyn Harber
185,Darold Runolfsdottir
186,Antwain Zieme
187,Mima Connelly
188,Dr. Rosco Fisher PhD
189,Little Prosacco
190,Sara Gerlach
191,Lashunda Willms
192,Aura Daugherty
193,Glendon Daugherty
194,Mr. Hasan Smitham II
195,Beryl Labadie V
196,Alyce Larson
197,Dr. Arley Kohler PhD
198,Dr. Sharonda Gusikowski MD
199,Hoyt Reinger
200,Jaiden Gaylord
201,Albertine McClure
202,Erie Stroman
203,Mrs. Rosa Berge DVM
204,Exie Jones
205,Gaylon Casper
206,Lynwood Davis IV
207,Carl Bruen
208,Dr. Mamie McGlynn
209,Manie Schinner
210,Trina Ziemann
211,Mae Marvin
212,Kaydence Ward
213,Kaaren Stanton MD
214,Marilyn Mayer
215,Lonzo Kuvalis
216,Alberto Pfannerstill II
217,Hayden Stokes
218,Cristal Jast PhD
219,Dr. Giada Collins DVM
220,Alwina Schaden
221,Dewayne Kerluke
222,Mr. Collie Murazik
223,Altie Lowe
224,Remington Stehr
225,Wayne Pfeffer
226,Tobe Cole
227,Patsy Wintheiser
228,Hayden Ledner
229,Mrs. Elena Stroman
230,Mr. Wyatt Schmitt
231,Mr. Nolen Harber
232,Noah Stamm
233,Ryley Feil
234,Miss Marget Blick
235,Miss Birdella Cole DVM
236,Dr. Mykel Parker
237,Asberry Robel
238,Dicie Harvey
239,Pinkie Morissette
240,Dr. Chance Spencer II
241,Kennard Bayer
242,Lowell Lowe
243,Kelby Senger
244,Bernie Klocko
245,Dr. Nakia Terry
246,Kenley Batz
247,Coley Abshire
248,Johanna Collins
249,Lakeisha Hauck
250,Dr. Kelby Murazik
251,Kathyrn Durgan
252,Dakoda Schaden
253,Dr. Neal Ullrich DVM
254,Junie Keebler
255,Sherrie Purdy
256,Mikaila Haley
257,Jesenia Howe
258,Rayna Welch
259,Ms. Deann Langworth
260,Kassandra Schulist
261,Dr. Elijah Stamm III
262,West Dietrich
263,Erasmus Pfannerstill
264,Mrs. Emily Johnston
265,Lady Greenholt
266,Mrs. Heidy Pouros
267,Harrell Mayert
268,Ms. Jinnie Stroman DDS
269,Mr. Winford White PhD
270,Miller McLaughlin
271,Mrs. Micayla Moore PhD
272,Johana Dickens
273,Elvin Reichel
274,Suzy Hoppe
275,Jada Abshire
276,Jaslyn Grimes
277,Hilda Schmidt
278,Mrs. Dawna Grimes
279,Hans Bins
280,Kendrick Parker
281,Louie Schmidt
282,Guy Hettinger
283,Ellison Schmidt MD
284,Bianca Bergstrom
285,Mrs. Claudia Russel
286,Dr. Jessika Keeling DVM
287,Dr. Michelle Berge PhD
288,Artelia Langosh
289,Dr. Shana Dooley DVM
290,Andres Leffler PhD
291,Lavonia Gottlieb PhD
292,Lulla Stanton
293,Aleck Hyatt
294,Barrett Wilkinson
295,Tal Schultz DVM
296,Cornie Wilderman
297,Mrs. Caron Moen
298,Merwin Jerde
299,Hazel Hyatt
300,Dr. Federico Gutkowski PhD
301,Ronnie Wilkinson PhD
302,Everett Swift
303,Mr. Koda Funk II
304,Luvinia Towne
305,Albertina Bergnaum
306,Jarrett Herzog
307,Talen Wisoky
308,Vilma Littel
309,Roselyn Koelpin
310,Andon Bruen
311,Gerry Bins
312,Dr. Eloise Will MD
313,Dr. Eloise Dare
314,Tameka Hyatt
315,Benjamin Effertz
316,Beulah Smitham
317,Carmen Harvey
318,Cheyenne Veum DVM
319,Fidelia Rempel MD
320,Mrs. Salome Hauck
321,Mr. Israel Ward
322,Dr. Katerina Krajcik
323,Bev Little
324,Rudolf Schroeder
325,Mr. Joesph Conn MD
326,Miss Winnifred Schoen
327,Rosemary Gottlieb DVM
328,Cornelious West
329,Livia Cummings
330,Benito Ondricka
331,Delma Hahn
332,Dr. Davey Nikolaus V
333,Helena Satterfield
334,Darryn Kris
335,Dawson Hirthe
336,Dr. Taft Bartell
337,Benita Kertzmann
338,Ceil Bayer DDS
339,Dr. Jayce Hayes PhD
340,Tinie Von
341,Chanelle Daugherty
342,Dr. Burl Daugherty III
343,Hazel Feest PhD
344,Cedric Goldner
345,Jenelle Schroeder
346,Jann Hamill
347,Mr. Tyreek Kerluke Sr.
348,Keyon Quigley
349,Lauren Hermann
350,Mannie Stroman
351,Dr. Nash Moen I
352,Deidre Ortiz
353,Miss Blanchie Eichmann PhD
354,Dr. Sidney Kerluke II
355,Josiah Paucek
356,Gary Fritsch
357,Jannie Batz MD
358,Jalon Pouros
359,Xiomara O'Kon
360,Rosanna Connelly
361,Ezzard Sipes
362,Bryton Baumbach
363,Eldridge Quitzon
364,Channing Jerde
365,Evon Wiegand
366,Filomena Koch DDS
367,Shayne Hegmann
368,Lonzo Bayer
369,Albert Hodkiewicz
370,Ashanti Block
371,Dr. Anissa Langworth DVM
372,Dwan Schroeder
373,Sharonda Rogahn
374,Arletta Howe
375,Randall Wisozk
376,Yurem Bogan
377,Somer Bechtelar
378,Mrs. Gloria Bernhard MD
379,Dr. Nasir Larkin Jr.
380,Dr. Irma Roob DDS
381,Mrs. Jailyn Schmeler
382,Ms. Ember Johnston
383,Karlee Towne
384,Deacon Mueller
385,Dr. Devyn Blick
386,Miss Jayla Olson
387,Roscoe Morissette
388,Joseph Brakus
389,Chaney Keebler
390,Lawyer Bashirian
391,Palma Gleason MD
392,Georgianna Cremin
393,Consuelo Zboncak
394,Marnie Boehm
395,Mrs. Vergie Lind DVM
396,Cornelious Kirlin
397,Kameron Watsica
398,Georgie Durgan
399,Audrianna Bernhard
400,Mrs. Toccara Schaefer
401,Shelbie Nolan
402,Whit Lind
403,Malik Cummerata
404,Dr. Jordyn Mayert
405,Mariah Dach
406,Brittnie Emard
407,Mayra Romaguera MD
408,Jeana Cassin
409,Teri Howell
410,Hayward Turcotte
411,Ardelia Hoeger PhD
412,Dr. Mena Kuhn
413,Kirk Kerluke
414,Mrs. Maebell Emmerich
415,Debera Rice
416,Therman Collins
417,Jalisa Rohan
418,Katelyn Gusikowski
419,Felicitas Towne
420,Oliver Carter
421,Krissy DuBuque
422,Garland Walter
423,Dr. Wilburn Cronin Sr.
424,Gilda Mraz PhD
425,Spenser Bins
426,Mr. Keifer Reilly
427,Dr. Lady Dickinson
428,Michell Nader DDS
429,Woodson Brakus
430,Tory Botsford
431,Jayleen Medhurst
432,Oda Stark
433,Pepper Auer DDS
434,Dorsey Stamm
435,Mina Wyman
436,Mrs. Lossie Prosacco DVM
437,Leanne Rosenbaum
438,Helen Connelly
439,Le McDermott
440,Mr. Woody Harvey
441,Mrs. Katlin Aufderhar
442,Sharon Wuckert
443,Alline Wisoky
444,Annabel Wolf
445,Nasir Ortiz DDS
446,Mr. Mose Hilll
447,Mr. Drake Considine
448,Dr. Lacey Stracke
449,Audie Carroll
450,Mr. Winfield West PhD
451,Mr. Jaydin Howell Jr.
452,Fay Schiller
453,Roll Batz
454,Joy Renner
455,Vance Wisozk
456,Reno Quigley
457,Sullivan Mosciski
458,Darryll Schumm
459,Malia Hermiston
460,Dr. Rosey Emmerich PhD
461,Clarice Herman
462,Mr. Glover Veum DDS
463,Alysa Ratke DVM
464,Dr. Vernetta Wilderman DVM
465,Pearlie Hansen DVM
466,Leonia Larson DDS
467,Lillianna O'Kon
468,Audriana Sipes
469,Imelda Lockman
470,Adan Quigley III
471,Kennedy Paucek
472,Mrs. Salina Welch PhD
473,Isidor Jacobi PhD
474,Mr. Rayan Stroman
475,Evelina Prosacco
476,Mr. Duard Rath
477,Janay Fisher
478,Landan Rogahn
479,Tiana Wiza
480,Dahlia Swift
481,Primus Spencer V
482,Bush Simonis V
483,Mrs. Shatara Turner PhD
484,Alvin Shields
485,Skip Turcotte
486,Mose Willms
487,Delores Ankunding
488,Jerrell Hills
489,Penni Eichmann
490,Irvin Boyle
491,Isaias Stokes
492,Mr. Tal Ferry Jr.
493,Mr. Irwin Dare DDS
494,Edna Muller
495,Else Kuhn MD
496,Dr. Gaither Hartmann V
497,Dabney Satterfield
498,Miss Evonne Ernser
499,Cher Bednar DDS
500,Mr. Alois Runte
501,Azul Wiegand
502,Asbury Kirlin III
503,Chanelle Zulauf
504,Wilhelm Reichert
505,Mr. Wheeler Brakus Jr.
506,Dr. Cordia Greenfelder
507,Dr. Nick Hodkiewicz DVM
508,Margretta Collins
509,Robbin Bechtelar
510,Kandace Gottlieb
511,Dr. Percy Kassulke
512,Mr. Gino Steuber
513,Kenan Sipes
514,Mazie Pagac
515,Yoshiko Turcotte
516,Carlotta Parker
517,Lila McCullough
518,Mr. Atticus Swift
519,Shira Harber
520,Gemma Stamm
521,Lollie Veum
522,Obe Koelpin
523,Mrs. Ernestine VonRueden
524,Jerusha Mohr
525,Kamryn Emmerich
526,Guthrie Renner
527,Ms. Shannan Ryan
528,Ricky Kessler
529,Mrs. Suzanne Collins
530,Adrianna Lowe
531,Mr. Rogers Stanton DDS
532,Mertie Frami
533,Stephen Waelchi
534,Ariana Stanton
535,Kalen Beier
536,Zavier Becker
537,Iola Huel DVM
538,York Weber
539,Arnoldo Pouros
540,Osborne Treutel
541,Dionicio Ferry
542,Dr. Tyshawn Olson MD
543,Dr. Rickie Kuhic II
544,Devan Thompson
545,Andreas Berge
546,Verna Langosh
547,Media Rogahn
548,Dr. Lenord Torp DDS
549,Mr. Frankie Howe
550,Trilby Kunde
551,Dr. Jeramy Ward
552,Tyreek Fisher
553,Zilpah Rice
554,Mr. Zeb O'Reilly PhD
555,Emerson Schumm
556,Atha Wisozk
557,Dr. Elmore Sporer DVM
558,Phoebe Krajcik DVM
559,Corrine Eichmann
560,Marley Heaney
561,Eugenia Weimann
562,Miss Kristian Klein PhD
563,Sheilah Robel
564,Danita Farrell
565,Dr. Terance Larkin
566,Torie Beer
567,Burleigh Boyle
568,Mattie Lind
569,Dominik Hauck III
570,Dr. Jessie Schaefer
571,Alleen Von
572,Drew Larkin
573,Glen Blanda
574,Rosamond Barton
575,Eunice Wyman
576,Martin Hodkiewicz
577,Mrs. Edyth Mayer
578,Fern Veum
579,Fate Rohan
580,Athena Maggio PhD
581,Carlie Keeling
582,Rishi Simonis
583,Kasen O'Conner DDS
584,Ms. Esmeralda Miller PhD
585,Dr. Diamond Towne
586,Lyn Ratke
587,Gillian Stanton DVM
588,Elenor Strosin
589,Lenny Kulas
590,Creed McKenzie
591,Roxana Batz
592,Mr. Dionte Hahn
593,Grace Toy MD
594,Nylah Ebert
595,Williams Weber
596,Okey Ratke
597,Mcarthur Littel
598,Sarahi Bailey
599,Anfernee Veum
600,Rustin Cartwright II
601,Hilliard Schmidt
602,Kianna Parker
603,Belle Will
604,Eusebio Bernier
605,America Stamm
606,Alexandre Kulas
607,Masako Schulist
608,Yee Gusikowski
609,Mrs. Cordella Tremblay PhD
610,Tricia Swift
611,Vella Rodriguez
612,Elza Rempel
613,Miss Amirah Walker
614,Mr. Jamar Renner IV
615,Mathias Schmeler
616,Karla Kuvalis
617,Jayme Macejkovic
618,Blossom Schoen
619,Mrs. Metta Grant
620,Ms. Colette Bechtelar DDS
621,Marely Boehm
622,Unique Mante PhD
623,Danyelle Walker PhD
624,Kurt Muller
625,Shyann Kiehn
626,Donnie Willms
627,Forest Hoppe
628,Vashti Murazik
629,Delois Deckow
630,Mary Purdy
631,Diandra Sauer
632,Isreal Welch
633,Mr. Albert Fadel
634,Amiya Hartmann
635,Dr. Mignon Sipes PhD
636,Dr. Mohamed Waelchi Sr.
637,April Crooks
638,Mrs. Avah Harber DVM
639,Keaton Schulist
640,Ovila Bradtke
641,Dr. Jovany Bechtelar Jr.
642,Alfredo Kihn
643,Glenna Moen DVM
644,Jett Schneider DVM
645,Amalia Towne
646,Trevor Abernathy
647,Miss Arkie Howell MD
648,Dorman Daugherty
649,Malcom Adams
650,Dr. Tameka Larson
651,Dani Cormier PhD
652,Ms. Olinda Schroeder DDS
653,Adyson Flatley
654,Catharine Bartoletti DVM
655,Dossie Gislason
656,Dorothea Morissette
657,Debbie Wunsch DDS
658,Malachi Kemmer
659,Mrs. Leonia Balistreri
660,Ms. Exa Keebler MD
661,Dr. Mintie Feeney
662,Ms. Zelia Gleason
663,Alys Koch
664,Traci Zulauf
665,Mrs. Viney Cremin DDS
666,Donta Wilderman
667,Bernadine Mante
668,Lura Bednar
